"'??',"
"??,"
"??,"
"??,"
"??,"
"??,"
"??,"
"??,"
"??,"
"??,"
"??,"
"??,"
"????,"
"??,"
"??,"
"??,"
"??,"
"???,"
"??,"
"??,"
"?????,"
"??????,"
"?????,"
"??,"
"??,"
"?¯C,"
"????,"
"????,"
"????,"
"??,"
"??,"
"??,"
"??,"
"??,"
"????,"
"??,"
"????,"
"?????,"
"??????,"
"??????,"
"??????,"
"????????,"
"?????,"
"???? ???,"
"???? ?????,"
"??,"
"????,"
"???,"
"????,"
"??????,"
"??????,"
"????????,"
"???,"
"????,"
"????,"
"?????,"
"???? ????,"
"????? ????,"
"??? ????,"
"???? ????,"
"???? ????,"
"???????,"
"???????,"
"????? ???,"
"?????,"
"?????,"
"??????,"
"????,"
"?????? ???,"
"?????? ???,"
"????,"
"???,"
"????,"
"????,"
"?? ?????,"
"??? ???? ????,"
"??????,"
"?????,"
"?????,"
"?????,"
"??????,"
"??,"
"??????,"
?
"??????,"
"???????,"
"?? ???,"
"?? ???,"
"?????,"
"??¥ì?,"
"???? ???,"
"?????,"
"???,"
"????,"
"????,"
"????????,"
"????,"
"?? ???????,"
"????????,"
"??????,"
"??????,"
"????? ?????¥í?,"
"??????,"
"???,"
"???,"
"?????,"
"?????,"
"???????,"
"???¥í?,"
"?¥í?,"
"????,"
"??????,"
"??????,"
"????,"
"??????,"
"??????,"
"??????,"
"??? ???????,"
"????,"
"??,"
"???,"
"??,"
"???,"
"????,"
"???,"
"???,"
"????,"
"???,"
"?????,"
"?????,"
"?????,"
"?¥î?,"
"????,"
"?????,"
"???,"
"????,"
"??,"
"????,"
"??,"
"???,"
"??,"
"????,"
"???,"
"??,"
"??,"
"????,"
"?????,"
"????,"
"?????,"
"???????,"
"??????,"
"??????,"
"???? ???????,"
"?????,"
"??????,"
"????,"
"???? ???????,"
"??? ????,"
"???? ?????,"
"???? ????,"
"????,"
"???????????,"
"???,"
"??,"
"??,"
"???????,"
"?????,"
"???????,"
"???,"
"????,"
"??????,"
"?? ????,"
"??,"
"????,"
"??????,"
"????,"
"????,"
"??????,"
"????????,"
"??,"
"??,"
"??????,"
"?????,"
"???,"
"?? ????,"
"??? ??????,"
"????,"
"??????,"
"?????,"
"?????,"
"????,"
"????,"
"???,"
"?????????,"
"????????,"
"?????,"
"?????????,"
"????????,"
"??,"
"????,"
"????,"
"????,"
"???,"
"??,"
"??,"
"??,"
"??¡Æ??,"
"??????????,"
"????,"
"???¡Æ?,"
"????,"
"???,"
"?????,"
"???????,"
"?????,"
"???????,"
"?????,"
"????,"
"??,"
"???,"
"????,"
"???????,"
"????,"
"??,"
"??,"
"????,"
"????,"
"????,"
"????,"
"?????,"
"????,"
"???,"
"??,"
"???,"
"????,"
"????,"
"????,"
"???,"
"??????,"
"??,"
"?®š??,"
"?????,"
"??,"
"?????,"
"???????,"
"?????????,"
?
?
"???,"
"??,"
"??? ??????,"
"???? ???,"
"??,"
"??????,"
"????,"
"????,"
"?????,"
"??????,"
"??????,"
"??????,"
"??,"
"????,"
"??????,"
"????,"
"????,"
"??????,"
"?????,"
"???,"
"??????,"
"??????,"
"????,"
"?????? ????,"
"????? ????,"
"??????,"
"????????,"
"??????,"
"????,"
"??,"
"?????,"
"?????,"
"?????,"
"??????,"
"??????,"
"?????,"
"?????,"
"???,"
"?????,"
"?????,"
"?????,"
"??,"
"???????,"
"??—©,"
"?????,"
"?????,"
"?????,"
"??????,"
"??????,"
"???????,"
"???????? ???,"
"??,"
"???,"
"???,"
"????,"
"???????,"
"??? ????,"
"?????,"
"???,"
"?????,"
"??????,"
"??? ???????,"
"??? ?????,"
"??,"
"?????????,"
"???????,"
"???????,"
"?????,"
"???,"
"??,"
"??,"
"???,"
"??????,"
"???????,"
"??????,"
"????,"
"??????,"
"?????,"
"?????,"
"??,"
"??,"
"???,"
"????,"
"???,"
"????????,"
"?????,"
"????,"
"?¥ê???,"
"????,"
"?????,"
"????,"
"???,"
"???,"
"????,"
"?????,"
"????,"
"??????,"
"????,"
"???,"
"?????,"
"??????,"
"????????,"
"???????,"
"???,"
"??? ???????,"
"?????,"
"?????,"
"????,"
"?????? ????,"
"????????,"
"????????,"
"??¡Æ?? ?????,"
"??¡Æ??? ????,"
"??,"
"???,"
"??,"
"??,"
"?????,"
"???,"
"?¥í?,"
"??????????,"
"???,"
"?????,"
"?????,"
"?????,"
"??? ??,"
"?? ???,"
"??????,"
"????,"
"?????,"
"????,"
"????,"
"????,"
"???,"
"???,"
"?????,"
"?ü¯???,"
"???,"
"???,"
"??????,"
"????,"
"????????,"
"?? ?? ???,"
"?? ???? ???,"
"??,"
"????,"
"???,"
"????,"
"????,"
"????,"
"????????,"
"??????,"
"?????,"
"????????,"
"???????,"
"????,"
"?????,"
"??????,"
"?????,"
"?,"
"??,"
"??????,"
"??????,"
"????,"
"????,"
"?????,"
"??,"
"????,"
"????,"
"?¥é?¡Æ??,"
"???,"
"???¡Æ??,"
"????????,"
"???????,"
"????????,"
"???????? ????,"
"??????,"
"?????,"
"????,"
"??????,"
"?????????,"
"???????,"
"????,"
"????,"
"????,"
"?????,"
"???,"
"???,"
"???,"
"???????,"
"??????,"
"???????,"
"?????,"
"????,"
"??????,"
"?????????,"
"????,"
"??????,"
"??????,"
"?????????,"
"????,"
"????,"
"????,"
"?????? ???????????,"
"?? ?????,"
"???? ??¢¥??,"
"????,"
"????,"
"????,"
"???,"
"??,"
"?????,"
"????,"
"???,"
"??????? ??????,"
"??????,"
"??????,"
"??????,"
"??????,"
"???? ?????,"
"??? ?????,"
"??,"
"?©£?,"
"????,"
"?©£?,"
"????,"
"??,"
"????,"
"?????,"
"??,"
"??,"
"?ÄØ,"
"????,"
"???? ???¡Æ?,"
"?????,"
"????????,"
"???? ?????,"
"??? ??,"
"?????,"
"??©ö?,"
"??? ????,"
"?? ??????,"
"?????,"
"??????,"
"??????,"
"??,"
"????,"
"???,"
"?????,"
?
"??,"
"???,"
"??,"
"?????,"
"????????,"
"?????,"
"??? ?????,"
"???????,"
"??????????,"
"???,"
"????,"
"??,"
"?¯C,"
"????,"
"????,"
"????,"
"???,"
"????,"
"??¢Ò??,"
"?? ?????,"
"??????,"
"????,"
"??? ???? ????,"
"????,"
"????,"
"????????? ???????,"
"???,"
"?????,"
"??,"
"????? ??????,"
"????? ????,"
"?? ?????,"
"???????,"
"?????,"
"????,"
"????,"
"????,"
"????,"
"??¡Æ??,"
"??????,"
"??¢¯?? ????,"
"???,"
"??,"
"?????????,"
"???,"
"???????¥ä?,"
"???????,"
"???????,"
"???????,"
"????,"
"?????,"
"?????,"
"????,"
"???,"
"???,"
"???? ?????,"
"??? ?????,"
"????????,"
"?? ???,"
"?? ?????,"
"???????,"
"??????????,"
"??? ?????,"
"?????,"
"?? ??????,"
"??????,"
"??? ????,"
"?? ?? ???,"
"????? ?? ?? ???,"
"???? ?????,"
"???,"
"????,"
"???? ???,"
"?????? ???,"
"???????,"
"?????,"
"?? ????,"
"??????,"
"??????,"
"????,"
"??????,"
"?????,"
"??? ?????,"
"???,"
"?????????,"
"?????,"
"?????,"
"??©ª????,"
"????????,"
"?? ???,"
"?? ??? ???,"
"?¯C,"
"?¯C??,"
"??????,"
"???????,"
"????,"
"????,"
"??????,"
"??,"
"??¡Æ??,"
"?????,"
"??,"
"??,"
"????,"
"????,"
"???,"
"???,"
"???????????,"
"???,"
"?????,"
"??? ????,"
"?ü¯?,"
"?ü¯?? ??,"
"?? ?? ??? ??,"
"????,"
"?? ??????,"
"????? ???? ??,"
"??? ????,"
"???,"
"???????,"
"??? ????,"
"????,"
"???,"
"????,"
"?? ???? ?????,"
"?¥ç??? ?????,"
"??????,"
"???????,"
"????,"
"??????,"
"?? ?????,"
"??? ???,"
"???????,"
"???? ?????,"
"???????,"
"?????? ?????,"
"?? ???????,"
"????? ?????,"
"???????,"
"??????,"
"??? ???,"
"?? ??,"
?
"???,"
"?????,"
"???,"
"?Äî ????????????,"
"???????? ????,"
"???????? ?????,"
"????????,"
"??? ???,"
"???¥ì?,"
"??,"
"??????,"
"?? ???????,"
"??,"
"????,"
"????,"
"???,"
"??,"
"????,"
"?????,"
"???,"
"???,"
"??,"
"????,"
"????,"
"??,"
"??,"
"??,"
"??,"
"??,"
"??,"
"??,"
"??,"
"??,"
"??,"
"??,"
"??,"
"?,"
"??,"
"??,"
"?????,"
"????,"
"?????,"
"?????,"
"???,"
"??,"
"??,"
"??,"
"???,"
"????,"
"???,"
"????,"
"???,"
"??,"
"??,"
